Item,FN,MW,FT,WW,BS
AK-47_Aquamarine_Revenge,33859,33861,33860,33862,33858
AK-47_Asiimov,763469,763311,763250,763504,763353
AK-47_Baroque_Purple,775895,775915,774893,775853,775142
AK-47_Black_Laminate,33864,33866,33865,33867,33863
AK-47_Bloodsport,33868,33870,33869,33871,Null
AK-47_Blue_Laminate,33872,33874,33873,33875,Null
AK-47_Cartel,33877,33878,33853,33879,33876
AK-47_Elite_Build,33885,33887,33886,33888,33844
AK-47_Fire_Serpent,33895,33897,33896,33898,33894
AK-47_First_Class,33900,33902,33901,33903,33899
AK-47_Frontside_Misty,33905,33907,33906,33908,33904
AK-47_Fuel_Injector,33910,33912,33911,33913,33909
AK-47_Gold_Arabesque,871769,871696,871677,871985,871803
AK-47_Green_Laminate,871704,871772,871673,872041,Null
AK-47_Head_Shot,921576,921456,921561,921551,921432
AK-47_Hydroponic,33915,33917,33916,33918,33914
AK-47_Ice_Coaled,900529,900482,900514,900561,900588
AK-47_Inheritance,956571,956596,956540,956643,956532
AK-47_Jaguar,33920,33922,33921,33923,33919
AK-47_Jet_Set,33925,33927,33926,33928,33924
AK-47_Jungle_Spray,33930,33932,33931,33933,33929
AK-47_Leet_Museo,871340,871099,871478,871960,871497
AK-47_Legion_of_Anubis,781649,781656,781666,781702,781578
AK-47_Neon_Revolution,33935,33937,33936,33938,33934
AK-47_Neon_Rider,759363,759234,759341,759498,759233
AK-47_Nightwish,887070,886753,886981,887021,887029
AK-47_Orbit_Mk01,33940,33942,33941,33943,33939
AK-47_Panthera_onca,835826,835831,835982,835945,835875
AK-47_Phantom_Disruptor,779257,779194,779196,779295,779287
AK-47_Point_Disarray,33945,33947,33946,33948,33944
AK-47_Predator,33950,33952,33951,33953,33949
AK-47_Rat_Rod,775204,775557,775146,775674,775541
AK-47_Red_Laminate,33955,33957,33956,33958,33954
AK-47_Redline,Null,33961,33960,33962,33959
AK-47_Safari_Mesh,33964,33966,33965,33967,33963
AK-47_Safety_Net,762172,762232,762109,762110,762108
AK-47_Slate,857652,857534,857550,857556,857554
AK-47_Steel_Delta,927328,927322,927339,927391,927351
AK-47_The_Empress,33969,33971,33970,33972,33968
AK-47_Uncharted,769177,769139,769124,769225,769215
AK-47_Vulcan,33974,33976,33975,33977,33973
AK-47_Wasteland_Rebel,33979,33981,33980,33982,33978
AK-47_Wild_Lotus,776874,776538,776459,776567,776912
AK-47_X-Ray,837375,835777,836044,835881,835824
AUG_Akihabara_Accept,33984,33986,33985,33987,33983
AUG_Amber_Fade,871111,871236,871095,871788,Null
AUG_Amber_Slipstream,759190,759236,759217,759237,759235
AUG_Anodized_Navy,33988,33989,Null,Null,Null
AUG_Arctic_Wolf,775252,775166,775242,775620,775832
AUG_Aristocrat,33991,33993,33992,33994,33990
AUG_Bengal_Tiger,33996,33998,33997,33999,33995
AUG_Carved_Jade,835754,835445,835974,Null,Null
AUG_Chameleon,34001,34003,34002,34004,34000
AUG_Colony,34006,34008,34007,34009,34005
AUG_Condemned,34011,34012,33819,34013,34010
AUG_Contractor,34015,34017,34016,34018,34014
AUG_Copperhead,Null,34020,34019,Null,Null
AUG_Daedalus,34022,34024,34023,34025,34021
AUG_Death_by_Puppy,773667,773678,773643,773811,Null
AUG_Flame_Jörmungandr,775823,775983,775910,776401,776808
AUG_Fleet_Flock,34027,34029,34028,34030,34026
AUG_Hot_Rod,34031,34032,Null,Null,Null
AUG_Midnight_Lily,775442,775745,776078,774968,776591
AUG_Momentum,769483,769269,769137,769282,769234
AUG_Navy_Murano,775080,774785,775294,774876,774744
AUG_Plague,871601,871251,871130,871337,871600
AUG_Radiation_Hazard,34034,34036,34035,34037,34033
AUG_Random_Access,762193,762195,762194,762196,762192
AUG_Ricochet,34039,34041,34040,34042,34038
AUG_Sand_Storm,871176,871599,871373,871537,871714
AUG_Snake_Pit,927301,927298,927296,927334,927317
AUG_Spalted_Wood,871335,871312,871077,871273,871571
AUG_Storm,34044,34046,34045,34047,34043
AUG_Stymphalian,45245,45380,45246,45445,45379
AUG_Surveillance,835388,835391,835335,835429,835345
AUG_Sweeper,762111,762071,762059,762112,762083
AUG_Syd_Mead,34049,34051,34050,34052,34048
AUG_Tom_Cat,779294,779209,779187,779241,779212
AUG_Torque,34054,34056,34055,34057,34053
AUG_Triqua,34059,34061,34060,34062,34058
AUG_Wings,34063,34064,Null,Null,Null
AWP_Acheron,762113,762197,762096,762248,762165
AWP_Asiimov,Null,Null,34066,34067,34065
AWP_Atheris,769191,769125,769178,769190,769141
AWP_BOOM,34068,34070,34069,Null,Null
AWP_Black_Nile,927370,927312,927316,927384,927379
AWP_Capillary,779307,779201,779211,779219,779279
AWP_Chromatic_Aberration,900572,900525,900590,900628,900646
AWP_Chrome_Cannon,956638,956524,956557,956519,956629
AWP_Containment_Breach,775913,775601,775550,774796,775447
AWP_Corticera,34071,34073,34072,Null,Null
AWP_Desert_Hydra,871801,871748,871535,871816,871822
AWP_Doodle_Lore,921520,921529,921518,921601,921539
AWP_Dragon_Lore,44060,34076,34075,34077,34074
AWP_Duality,921876,921877,921872,922125,921874
AWP_Electric_Hive,34078,34080,34079,34081,Null
AWP_Elite_Build,34083,34085,34084,34086,34082
AWP_Exoskeleton,835765,835541,835471,835620,835663
AWP_Fade,835422,835987,Null,Null,Null
AWP_Fever_Dream,34088,34090,34089,34091,34087
AWP_Graphite,34092,34093,Null,Null,Null
AWP_Gungnir,776764,776481,776029,776807,775901
AWP_Hyper_Beast,34095,34097,34096,34098,34094
AWP_Lightning_Strike,34099,34100,Null,Null,Null
AWP_Man-o'-war,Null,34102,34101,Null,Null
AWP_Medusa,44242,34105,34104,34106,34103
AWP_Mortis,45247,45248,45382,45249,45381
AWP_Neo-Noir,763243,763400,763332,763404,763318
AWP_Oni_Taiji,34108,34110,34109,34111,34107
AWP_PAW,759200,759209,759197,759411,759238
AWP_POP_AWP,871291,871606,871146,871785,Null
AWP_Phobos,34112,34114,34113,34115,Null
AWP_Pit_Viper,Null,34123,34122,34124,34121
AWP_Redline,Null,34126,34125,34127,Null
AWP_Safari_Mesh,34129,34131,34130,34132,34128
AWP_Silk_Tiger,835943,835936,835814,836049,836057
AWP_Snake_Camo,34134,34136,34135,34137,34133
AWP_Sun_in_Leo,34139,34141,34140,34142,34138
AWP_The_Prince,776828,776737,776454,775968,776888
AWP_Wildfire,773715,773720,773698,773734,773691
AWP_Worm_God,34143,34145,34144,34146,Null
CZ75-Auto_Army_Sheen,34276,34278,34277,Null,Null
CZ75-Auto_Chalice,34279,34280,Null,Null,Null
CZ75-Auto_Circaetus,857533,857588,857558,857625,857557
CZ75-Auto_Crimson_Web,34282,34284,34283,34285,34281
CZ75-Auto_Distressed,779232,779222,779179,779189,779185
CZ75-Auto_Eco,759240,759198,759225,759241,759239
CZ75-Auto_Emerald,34286,34287,Null,Null,Null
CZ75-Auto_Emerald_Quartz,776097,775112,775092,776678,775930
CZ75-Auto_Framework,871456,871225,871195,871566,871507
CZ75-Auto_Green_Plaid,34289,34291,34290,34292,34288
CZ75-Auto_Hexane,34293,34295,34294,34296,Null
CZ75-Auto_Imprint,34298,34300,34299,34301,34297
CZ75-Auto_Indigo,775742,774956,774905,775469,774749
CZ75-Auto_Jungle_Dashed,835563,835370,835358,835384,835390
CZ75-Auto_Midnight_Palm,871341,871124,871155,871227,871372
CZ75-Auto_Nitro,34303,34305,34304,34306,34302
CZ75-Auto_Poison_Dart,34308,34310,34309,34311,34307
CZ75-Auto_Pole_Position,34313,34315,34314,34316,34312
CZ75-Auto_Polymer,34318,34319,33822,34320,34317
CZ75-Auto_Red_Astor,34322,34324,34323,34325,34321
CZ75-Auto_Silver,835438,835742,Null,Null,Null
CZ75-Auto_Syndicate,871122,871640,871326,871840,871352
CZ75-Auto_Tacticat,34327,34329,34328,34330,34326
CZ75-Auto_The_Fuschia_Is_Now,34331,34333,34332,34334,Null
CZ75-Auto_Tigris,34336,34338,34337,34339,34335
CZ75-Auto_Tread_Plate,34340,34342,34341,Null,Null
CZ75-Auto_Tuxedo,34344,34346,34345,34347,34343
CZ75-Auto_Twist,34349,34351,34350,34352,34348
CZ75-Auto_Vendetta,835585,835472,835583,835464,835400
CZ75-Auto_Victoria,34354,34356,34355,34357,34353
CZ75-Auto_Xiangliu,34359,34361,34360,34362,34358
CZ75-Auto_Yellow_Jacket,34364,34366,34365,34367,34363
Desert_Eagle_Blaze,34389,34390,Null,Null,Null
Desert_Eagle_Blue_Ply,779188,779178,779217,779180,779237
Desert_Eagle_Bronze_Deco,34392,34394,34393,34395,34391
Desert_Eagle_Cobalt_Disruption,34396,34398,34397,Null,Null
Desert_Eagle_Code_Red,759243,759245,759244,759246,759242
Desert_Eagle_Conspiracy,34399,34401,34400,Null,Null
Desert_Eagle_Corinthian,34402,34404,34403,34405,Null
Desert_Eagle_Crimson_Web,34407,34409,34408,34410,34406
Desert_Eagle_Directive,34412,34414,34413,34415,34411
Desert_Eagle_Emerald_Jörmungandr,775261,776116,775940,775943,776467
Desert_Eagle_Fennec_Fox,871602,871700,871625,871945,871707
Desert_Eagle_Golden_Koi,34416,34417,Null,Null,Null
Desert_Eagle_Hand_Cannon,34419,34421,34420,34422,34418
Desert_Eagle_Heirloom,34424,34426,34425,34427,34423
Desert_Eagle_Hypnotic,34428,34429,Null,Null,Null
Desert_Eagle_Kumicho_Dragon,34431,34433,34432,34434,34430
Desert_Eagle_Light_Rail,769171,769219,769174,769242,769245
Desert_Eagle_Mecha_Industries,763256,763254,763289,763428,763422
Desert_Eagle_Meteorite,34435,34437,34436,Null,Null
Desert_Eagle_Midnight_Storm,34439,34441,34440,34442,34438
Desert_Eagle_Mudder,34444,33834,33831,34445,34443
Desert_Eagle_Naga,34447,34449,34448,34450,34446
Desert_Eagle_Night,34452,34454,34453,34455,34451
Desert_Eagle_Night_Heist,835895,835646,835697,835937,835882
Desert_Eagle_Ocean_Drive,871585,871656,871329,871675,871859
Desert_Eagle_Oxide_Blaze,33836,34458,34457,34459,34456
Desert_Eagle_Pilot,34461,34463,34462,34464,34460
Desert_Eagle_Printstream,781660,781671,781598,781675,781694
Desert_Eagle_Sputnik,871060,871134,871189,871783,871818
Desert_Eagle_Sunset_Storm_壱,34466,34468,34467,34469,34465
Desert_Eagle_Sunset_Storm_弐,34471,34473,34472,34474,34470
Desert_Eagle_The_Bronze,835360,835407,835386,Null,Null
Desert_Eagle_Trigger_Discipline,857555,857553,857564,857562,857604
Desert_Eagle_Urban_DDPAT,34476,34478,34477,34479,34475
Desert_Eagle_Urban_Rubble,34481,34482,33838,34483,34480
Dual_Berettas_Anodized_Navy,34502,34503,Null,Null,Null
Dual_Berettas_Balance,775700,775055,774809,774832,775182
Dual_Berettas_Black_Limba,34505,34507,34506,34508,34504
Dual_Berettas_Briar,34509,34511,34510,Null,Null
Dual_Berettas_Cartel,34513,34515,34514,34516,34512
Dual_Berettas_Cobalt_Quartz,33846,34518,34517,34519,Null
Dual_Berettas_Cobra_Strike,34521,34523,34522,34524,34520
Dual_Berettas_Colony,34525,34527,34526,34528,33854
Dual_Berettas_Contractor,34530,34531,33852,34532,34529
Dual_Berettas_Demolition,Null,Null,34534,34535,34533
Dual_Berettas_Dezastre,835700,835601,835374,835573,835477
Dual_Berettas_Drift_Wood,871148,871306,871178,871472,871445
Dual_Berettas_Dualing_Dragons,34537,34539,34538,34540,34536
Dual_Berettas_Duelist,34542,34544,34543,34545,34541
Dual_Berettas_Elite_1.6,773628,773642,773613,773653,773692
Dual_Berettas_Emerald,775790,776115,Null,Null,Null
Dual_Berettas_Flora_Carnivora,900594,900503,900488,900568,900484
Dual_Berettas_Heist,835474,835451,835399,835565,835719
Dual_Berettas_Hemoglobin,34546,34548,34547,Null,Null
Dual_Berettas_Hideout,956482,956492,956457,956585,956501
Dual_Berettas_Marina,34550,34552,34551,34553,34549
Dual_Berettas_Melondrama,887040,887015,886687,887022,887012
Dual_Berettas_Moon_in_Libra,34555,34557,34556,34558,34554
Dual_Berettas_Oil_Change,871504,871489,871353,871712,871568
Dual_Berettas_Panther,34560,34562,34561,34563,34559
Dual_Berettas_Pyre,776708,775029,774960,775727,774797
Dual_Berettas_Retribution,34564,34566,34565,34567,Null
Dual_Berettas_Royal_Consorts,34569,34571,34570,34572,34568
Dual_Berettas_Shred,759195,759247,759174,759226,759352
Dual_Berettas_Stained,33829,34575,34574,34576,34573
Dual_Berettas_Switch_Board,835372,835420,835409,835410,835434
Dual_Berettas_Tread,871419,871292,871367,871244,871518
Dual_Berettas_Twin_Turbo,762258,762275,762199,762233,762198
Dual_Berettas_Urban_Shock,34578,34580,34579,34581,34577
Dual_Berettas_Ventilators,34582,34584,34583,34585,Null
FAMAS_Afterimage,34620,34622,34621,34623,Null
FAMAS_CaliCamo,871207,871185,871204,871590,871246
FAMAS_Colony,34625,34627,34626,34628,34624
FAMAS_Commemoration,773668,773757,773688,773742,773776
FAMAS_Contrast_Spray,34630,34632,34631,34633,34629
FAMAS_Crypsis,769169,769204,769140,769417,769246
FAMAS_Cyanospatter,34635,34637,34636,34638,34634
FAMAS_Dark_Water,Null,835667,835714,Null,Null
FAMAS_Decommissioned,773644,773612,773675,773639,773616
FAMAS_Djinn,34640,34642,34641,34643,34639
FAMAS_Doomkitty,Null,34645,34644,Null,Null
FAMAS_Eye_of_Athena,759249,759251,759250,759252,759248
FAMAS_Faulty_Wiring,871123,871578,871224,871570,871338
FAMAS_Hexane,34646,34648,34647,34649,Null
FAMAS_Macabre,34651,34653,34652,34654,34650
FAMAS_Mecha_Industries,34656,34658,34657,34659,34655
FAMAS_Meltdown,871289,871449,871348,871648,Null
FAMAS_Meow_36,900562,900522,900483,900468,900474
FAMAS_Neural_Net,34661,34663,34662,34664,34660
FAMAS_Night_Borre,774739,775147,774862,775582,775038
FAMAS_Prime_Conspiracy,835691,835648,835560,835683,835947
FAMAS_Pulse,34665,34667,34666,34668,Null
FAMAS_Rapid_Eye_Movement,887028,886645,886629,887004,886998
FAMAS_Roll_Cage,34670,34672,34671,34673,34669
FAMAS_Sergeant,Null,34676,34675,34677,34674
FAMAS_Spitfire,34679,34681,34680,34682,34678
FAMAS_Styx,34684,34686,34685,34687,34683
FAMAS_Sundown,775950,775365,775893,776660,776099
FAMAS_Survivor_Z,34689,34691,34690,34692,34688
FAMAS_Teardown,34694,34696,34695,34697,34693
FAMAS_Valence,34699,34701,34700,34702,34698
FAMAS_Waters_of_Nephthys,927385,927378,927367,927392,927387
FAMAS_ZX_Spectron,871831,871626,871440,871481,871685
Five-SeveN_Angry_Mob,769147,769150,769270,769484,769418
Five-SeveN_Anodized_Gunmetal,34704,34705,Null,Null,Null
Five-SeveN_Berries_And_Cherries,835550,835733,Null,Null,Null
Five-SeveN_Boost_Protocol,871429,871435,871434,871687,Null
Five-SeveN_Buddy,773610,773695,773625,773779,773703
Five-SeveN_Candy_Apple,34706,34708,34707,Null,Null
Five-SeveN_Capillary,34710,34712,34711,34713,34709
Five-SeveN_Contractor,34720,34722,34721,34723,34719
Five-SeveN_Coolant,762065,762089,762054,762052,762114
Five-SeveN_Copper_Galaxy,34724,34726,34725,Null,Null
Five-SeveN_Crimson_Blossom,775825,776048,775941,775973,776010
Five-SeveN_Fairy_Tale,835845,835764,835605,835631,835680
Five-SeveN_Fall_Hazard,871848,871928,871904,872062,871941
Five-SeveN_Flame_Test,45383,45254,45253,45255,45252
Five-SeveN_Forest_Night,34728,34730,34729,34731,34727
Five-SeveN_Fowl_Play,34733,34735,34734,34736,34732
Five-SeveN_Hot_Shot,34738,34740,34739,34741,34737
Five-SeveN_Hybrid,956528,956495,956536,956488,956565
Five-SeveN_Hyper_Beast,34743,34745,34744,34746,34742
Five-SeveN_Jungle,34748,34750,34749,34751,34747
Five-SeveN_Kami,34752,34754,34753,Null,Null
Five-SeveN_Monkey_Business,Null,34757,34756,34758,34755
Five-SeveN_Neon_Kimono,34760,34762,34761,34763,34759
Five-SeveN_Nightshade,34765,34767,34766,34768,34764
Five-SeveN_Nitro,34770,34772,34771,34773,34769
Five-SeveN_Orange_Peel,34775,33830,34776,34777,34774
Five-SeveN_Retrobution,34779,34781,34780,34782,34778
Five-SeveN_Scrawl,886613,886631,886612,886659,886693
Five-SeveN_Scumbria,34784,34786,34785,34787,34783
Five-SeveN_Silver_Quartz,34788,34790,34789,34791,Null
Five-SeveN_Triumvirate,34793,34795,34794,34796,34792
Five-SeveN_Urban_Hazard,34797,34799,34798,Null,Null
Five-SeveN_Violent_Daimyo,33841,34802,34801,34803,34800
Five-SeveN_Withered_Vine,871160,871181,871090,871471,871453
G3SG1_Ancient_Ritual,835755,835567,835641,835724,835678
G3SG1_Arctic_Camo,34805,34807,34806,34808,34804
G3SG1_Azure_Zebra,34809,34811,34810,Null,Null
G3SG1_Black_Sand,775357,774819,774997,775272,775245
G3SG1_Chronos,34812,34814,34813,34815,Null
G3SG1_Contractor,34817,34819,34818,34820,34816
G3SG1_Demeter,34822,34824,34823,34825,34821
G3SG1_Desert_Storm,34827,34829,34828,34830,34826
G3SG1_Digital_Mesh,835592,835569,835398,835736,835396
G3SG1_Dream_Glade,886675,886628,886679,886979,886988
G3SG1_Flux,34832,34834,34833,34835,34831
G3SG1_Green_Apple,34836,34838,34837,Null,Null
G3SG1_High_Seas,759253,759255,759254,759256,759204
G3SG1_Hunter,34840,34842,34841,34843,34839
G3SG1_Jungle_Dashed,34845,34847,34846,34848,34844
G3SG1_Keeping_Tabs,871576,871370,871269,871682,871347
G3SG1_Murky,34849,34851,34850,Null,Null
G3SG1_New_Roots,871172,871466,871191,871541,871533
G3SG1_Orange_Crash,34853,34855,34854,34856,34852
G3SG1_Orange_Kimono,34858,34860,34859,34861,34857
G3SG1_Polar_Camo,34863,34865,34864,34866,34862
G3SG1_Safari_Mesh,34868,34870,34869,34871,34867
G3SG1_Scavenger,763383,763364,763331,763351,763308
G3SG1_Stinger,34873,34875,34874,34876,34872
G3SG1_The_Executioner,Null,34879,34878,34880,34877
G3SG1_VariCamo,34882,34884,34883,34885,34881
G3SG1_Ventilator,34886,34888,34887,34889,Null
G3SG1_Violet_Murano,776030,775952,775732,775888,776501
Galil_AR_Akoben,769184,769127,769172,769220,769223
Galil_AR_Amber_Fade,871408,871333,871161,871295,Null
Galil_AR_Aqua_Terrace,34891,34893,34892,34894,34890
Galil_AR_Black_Sand,34896,34898,34897,34899,34895
Galil_AR_Blue_Titanium,34900,Null,Null,Null,Null
Galil_AR_CAUTION!,871953,871902,871911,871912,871950
Galil_AR_Cerberus,34902,34904,34903,34905,34901
Galil_AR_Chatterbox,Null,Null,34907,34908,34906
Galil_AR_Chromatic_Aberration,857660,857559,857530,857632,857613
Galil_AR_Cold_Fusion,762116,762090,762117,762200,762115
Galil_AR_Connexion,781596,781612,781577,781687,781633
Galil_AR_Crimson_Tsunami,34910,34912,34911,34913,34909
Galil_AR_Destroyer,900511,900472,900479,900578,900548
Galil_AR_Dusk_Ruins,835759,835651,835676,835915,835967
Galil_AR_Eco,Null,34916,34915,34917,34914
Galil_AR_Firefight,34919,34921,34920,34922,34918
Galil_AR_Hunting_Blind,34924,34926,34925,34927,34923
Galil_AR_Kami,34929,34931,34930,34932,34928
Galil_AR_Orange_DDPAT,34934,34936,34935,34937,34933
Galil_AR_Rocket_Pop,34939,34941,34940,34942,34938
Galil_AR_Sage_Spray,34944,34946,34945,34947,34943
Galil_AR_Sandstorm,Null,34950,34949,34951,34948
Galil_AR_Shattered,34953,34955,34954,34956,34952
Galil_AR_Signal,763277,763281,763298,763295,763356
Galil_AR_Stone_Cold,34958,34960,34959,34961,34957
Galil_AR_Sugar_Rush,34963,34965,34964,34966,34962
Galil_AR_Tornado,776179,775276,774934,774937,774994
Galil_AR_Tuxedo,34968,34970,34969,34971,34967
Galil_AR_Urban_Rubble,34973,34975,34974,34976,34972
Galil_AR_Vandal,835835,835425,835546,835394,835608
Galil_AR_VariCamo,34978,34980,34979,34981,34977
Galil_AR_Winter_Forest,34983,34985,34984,34986,34982
Glock-18_Block-18,956497,956477,956516,956573,956510
Glock-18_Blue_Fissure,34993,34995,34994,34996,34992
Glock-18_Brass,34998,35000,34999,35001,34997
Glock-18_Bullet_Queen,779275,779293,779289,779186,779251
Glock-18_Bunsen_Burner,35003,35004,33832,35005,35002
Glock-18_Candy_Apple,35006,35008,35007,Null,Null
Glock-18_Catacombs,35010,35012,35011,35013,35009
Glock-18_Clear_Polymer,857532,857599,857549,857598,857524
Glock-18_Death_Rattle,Null,35016,35015,35017,35014
Glock-18_Dragon_Tattoo,35018,35019,Null,Null,Null
Glock-18_Fade,35020,35021,Null,Null,Null
Glock-18_Franklin,835647,835866,835789,835935,Null
Glock-18_Gamma_Doppler,871196,871063,871117,871334,871709
Glock-18_Grinder,35022,35024,35023,Null,Null
Glock-18_Groundwater,35026,35028,35027,35029,35025
Glock-18_High_Beam,762075,762201,Null,Null,Null
Glock-18_Ironwork,35031,35033,35032,35034,35030
Glock-18_Moonrise,45257,45259,45258,45260,45256
Glock-18_Neo-Noir,835906,835804,835745,835801,835843
Glock-18_Night,35036,35038,35037,35039,35035
Glock-18_Nuclear_Garden,762185,762119,762118,762202,762234
Glock-18_Off_World,35041,35043,35042,35044,35040
Glock-18_Oxide_Blaze,763294,763282,763247,763302,763296
Glock-18_Ramese's_Reach,927380,927352,927347,927363,927373
Glock-18_Reactor,35046,35048,35047,35049,35045
Glock-18_Red_Tire,871580,871286,871567,871321,871681
Glock-18_Royal_Legion,35051,35053,35052,35054,35050
Glock-18_Sacrifice,773717,773664,773611,773647,773627
Glock-18_Sand_Dune,35056,35058,35057,35059,35055
Glock-18_Snack_Attack,871746,871621,871542,871498,871555
Glock-18_Steel_Disruption,35060,35062,35061,Null,Null
Glock-18_Synth_Leaf,776585,776170,775714,776759,775186
Glock-18_Twilight_Galaxy,35063,35065,35064,Null,Null
Glock-18_Umbral_Rabbit,921455,921480,921462,921464,921471
Glock-18_Vogue,781610,781591,781541,781711,781653
Glock-18_Warhawk,759257,759207,759185,759258,759219
Glock-18_Wasteland_Rebel,35067,35069,35068,35070,35066
Glock-18_Water_Elemental,35072,35074,35073,35075,35071
Glock-18_Weasel,35077,35079,35078,35080,35076
Glock-18_Winterized,900604,900551,900493,900523,900569
Glock-18_Wraiths,35082,35084,35083,35085,35081
M249_Aztec,773741,773656,773631,773761,773707
M249_Blizzard_Marbleized,35107,35109,35108,35110,35106
M249_Contrast_Spray,35112,35114,35113,35115,35111
M249_Deep_Relief,835570,835466,835462,835476,835596
M249_Downtown,900466,900489,900478,900538,900517
M249_Emerald_Poison_Dart,35116,35118,35117,35119,Null
M249_Gator_Mesh,35121,35123,35122,35124,35120
M249_Humidor,871221,871232,871463,871593,871605
M249_Impact_Drill,35126,35128,35127,35129,35125
M249_Jungle,776114,774911,774954,774975,774824
M249_Jungle_DDPAT,35131,35133,35132,35134,35130
M249_Magma,35136,35138,35137,35139,35135
M249_Midnight_Palm,871169,871194,871070,871150,871538
M249_Nebula_Crusader,35141,35143,35142,35144,35140
M249_O.S.I.P.R.,857528,857583,857517,857664,857523
M249_Predator,835708,835571,835339,835698,835447
M249_Shipping_Forecast,35146,35148,35147,35149,35145
M249_Spectre,35151,35153,35152,35154,35150
M249_Submerged,927348,927315,927285,927332,927325
M249_System_Lock,35156,35157,33843,35158,35155
M249_Warbird,775273,774991,775044,775733,775048
M4A1-S_Atomic_Alloy,35160,35162,35161,35163,35159
M4A1-S_Basilisk,35165,35167,35166,35168,35164
M4A1-S_Black_Lotus,956525,956574,956508,956641,956599
M4A1-S_Blood_Tiger,35169,35171,35170,Null,Null
M4A1-S_Blue_Phosphor,835547,835970,Null,Null,Null
M4A1-S_Boreal_Forest,35173,35175,35174,35176,35172
M4A1-S_Briefing,35178,35180,35179,35181,35177
M4A1-S_Bright_Water,Null,35183,35182,Null,Null
M4A1-S_Chantico's_Fire,35185,35187,35186,35188,35184
M4A1-S_Control_Panel,762249,762231,762120,762204,762203
M4A1-S_Cyrex,35190,35192,35191,35193,35189
M4A1-S_Dark_Water,Null,35195,35194,Null,Null
M4A1-S_Decimator,35197,35199,35198,35200,35196
M4A1-S_Emphorosaur-S,921513,921444,921435,921574,921463
M4A1-S_Fizzy_POP,871262,871468,871121,871694,871487
M4A1-S_Flashback,35202,35204,35203,35205,35201
M4A1-S_Golden_Coil,35207,35209,35208,35210,35206
M4A1-S_Guardian,35212,35214,35213,35215,35211
M4A1-S_Hot_Rod,35216,35217,Null,Null,Null
M4A1-S_Hyper_Beast,35219,35221,35220,35222,35218
M4A1-S_Icarus_Fell,35223,35224,Null,Null,Null
M4A1-S_Imminent_Danger,872127,872120,872044,872132,872040
M4A1-S_Knight,35225,35226,Null,Null,Null
M4A1-S_Leaded_Glass,35228,35230,35229,35231,35227
M4A1-S_Master_Piece,35233,35235,35234,35236,35232
M4A1-S_Mecha_Industries,35238,35240,35239,35241,35237
M4A1-S_Moss_Quartz,774977,774940,774957,776023,776035
M4A1-S_Mud-Spec,927335,927324,927292,927342,927346
M4A1-S_Night_Terror,886949,886650,886642,887042,887017
M4A1-S_Nightmare,759260,759261,759220,759262,759259
M4A1-S_Nitro,35243,35245,35244,35246,35242
M4A1-S_Player_Two,779333,779233,779198,779353,779325
M4A1-S_Printstream,835780,835800,835624,835932,835645
M4A1-S_VariCamo,35248,35250,35249,35251,35247
M4A1-S_Welcome_to_the_Jungle,836236,835965,835885,835909,836075
M4A4_Asiimov,Null,Null,35253,35254,35252
M4A4_Bullet_Rain,35256,35258,35257,35259,35255
M4A4_Buzz_Kill,35261,35263,35262,35264,35260
M4A4_Converter,762121,762123,762122,762124,Null
M4A4_Cyber_Security,835822,835770,835603,835699,835606
M4A4_Dark_Blossom,775558,774944,774951,775905,776067
M4A4_Daybreak,35266,35268,35267,35269,35265
M4A4_Desert-Strike,35276,35278,35277,35279,35275
M4A4_Desert_Storm,35271,35273,35272,35274,35270
M4A4_Desolate_Space,35281,35283,35282,35284,35280
M4A4_Etch_Lord,956522,956461,956507,956526,956561
M4A4_Evil_Daimyo,35286,35287,33811,35288,35285
M4A4_Eye_of_Horus,927372,927388,927366,927393,927395
M4A4_Faded_Zebra,35290,35292,35291,35293,35289
M4A4_Global_Offensive,835595,835412,835421,835758,835632
M4A4_Griffin,35295,35297,35296,35298,35294
M4A4_Hellfire,35300,35302,35301,35303,35299
M4A4_Howl,44717,35305,35304,35306,Null
M4A4_In_Living_Color,857690,857611,857610,857716,857609
M4A4_Jungle_Tiger,35308,35310,35309,35311,35307
M4A4_Magnesium,763320,763248,763271,763276,763260
M4A4_Mainframe,762102,762064,762091,762176,762125
M4A4_Modern_Hunter,35313,35315,35314,35316,35312
M4A4_Neo-Noir,45261,45385,45262,45263,45384
M4A4_Poly_Mag,900613,900513,900512,900515,900550
M4A4_Poseidon,35317,35319,35318,Null,Null
M4A4_Radiation_Hazard,35321,35323,35322,35324,35320
M4A4_Red_DDPAT,871610,871569,871476,871683,871768
M4A4_Royal_Paladin,35326,35328,35327,35329,35325
M4A4_Spider_Lily,871546,871327,871502,871438,871098
M4A4_Temukau,921562,921527,921569,921603,921542
M4A4_The_Battlestar,35331,35333,35332,35334,35330
M4A4_The_Coalition,871115,871106,871107,871141,871235
M4A4_The_Emperor,769584,769583,769572,769575,769574
M4A4_Tooth_Fairy,781560,781559,781564,781686,781590
M4A4_Tornado,35336,35338,35337,35339,35335
M4A4_Urban_DDPAT,35341,35343,35342,35344,35340
M4A4_X-Ray,35345,35347,35346,Null,Null
M4A4_Zirka,35348,35350,35349,35351,Null
M4A4_龍王_(Dragon_King),35353,35355,35354,35356,35352
MAC-10_Allure,781618,781589,781592,781549,781607
MAC-10_Aloha,35358,35360,35359,35361,35357
MAC-10_Amber_Fade,35362,35364,35363,35365,Null
MAC-10_Button_Masher,857667,857565,857602,857605,857634
MAC-10_Calf_Skin,762101,762095,762127,762128,762126
MAC-10_Candy_Apple,33821,35367,35366,Null,Null
MAC-10_Carnivore,35369,35371,35370,35372,35368
MAC-10_Classic_Crate,773775,773654,773679,773626,773672
MAC-10_Commuter,35374,35376,35375,35377,35373
MAC-10_Copper_Borre,775401,775993,774912,776475,776107
MAC-10_Curse,35379,35381,35380,35382,35378
MAC-10_Disco_Tech,779263,779192,779200,779256,779254
MAC-10_Echoing_Sands,927349,927284,927303,927359,927333
MAC-10_Ensnared,886989,886649,886607,886943,886987
MAC-10_Fade,35383,35384,Null,Null,Null
MAC-10_Gold_Brick,835860,835821,835865,836020,836002
MAC-10_Graven,35386,35388,35387,35389,35385
MAC-10_Heat,35391,35393,35392,35394,35390
MAC-10_Hot_Snakes,835964,835911,835930,835784,836033
MAC-10_Indigo,35396,35398,35397,35399,35395
MAC-10_Lapis_Gator,35401,33816,35402,35403,35400
MAC-10_Last_Dive,35405,35407,35406,35408,35404
MAC-10_Light_Box,956544,956473,956514,956487,956491
MAC-10_Malachite,35410,35412,35411,35413,35409
MAC-10_Monkeyflage,900537,900467,900516,900521,900471
MAC-10_Neon_Rider,35414,35416,35415,35417,Null
MAC-10_Nuclear_Garden,35419,35421,35420,35422,35418
MAC-10_Oceanic,35424,35426,35425,35427,35423
MAC-10_Palm,35429,35431,35430,35432,35428
MAC-10_Pipe_Down,763396,763293,763301,763297,763360
MAC-10_Propaganda,871288,871127,871129,871791,871619
MAC-10_Rangeen,35434,35436,35435,35437,35433
MAC-10_Red_Filigree,775958,776200,775951,776318,776790
MAC-10_Sakkaku,Null,Null,921475,921525,921425
MAC-10_Sienna_Damask,871140,871083,871128,871137,871206
MAC-10_Silver,33824,35438,Null,Null,Null
MAC-10_Stalker,776054,775979,775782,776026,775405
MAC-10_Strats,871358,871575,871363,871594,871506
MAC-10_Surfwood,774751,775067,774806,775649,774892
MAC-10_Tatter,35440,35442,35441,35443,35439
MAC-10_Tornado,35445,35447,35446,35448,35444
MAC-10_Toybox,871431,871603,871539,871339,871727
MAC-10_Ultraviolet,35450,35452,35451,35453,35449
MAC-10_Urban_DDPAT,35455,35457,35456,35458,35454
MAC-10_Whitefish,769230,769136,769221,769179,769236
MAG-7_BI83_Spectrum,871616,871492,871369,871635,871430
MAG-7_Bulldozer,35460,35462,35461,35463,35459
MAG-7_Carbon_Fiber,835367,835364,Null,Null,Null
MAG-7_Chainmail,775040,774846,775673,Null,Null
MAG-7_Cinquedea,776728,776418,776229,776260,776883
MAG-7_Cobalt_Core,35465,35467,35466,35468,35464
MAG-7_Copper_Coated,927307,927357,927331,927343,927355
MAG-7_Core_Breach,762250,762206,762205,762207,762235
MAG-7_Counter_Terrace,35470,35472,35471,35473,35469
MAG-7_Firestarter,35475,35477,35476,35478,35474
MAG-7_Foresight,886664,886611,886633,887031,886685
MAG-7_Hard_Water,35479,35481,35480,35482,Null
MAG-7_Hazard,35484,35486,35485,35487,35483
MAG-7_Heat,35489,35491,35490,35492,35488
MAG-7_Heaven_Guard,35493,35495,35494,35496,Null
MAG-7_Insomnia,921530,921437,921421,921431,921487
MAG-7_Irradiated_Alert,35498,35500,35499,35501,35497
MAG-7_Justice,779243,779183,779181,779269,779206
MAG-7_Memento,35502,35504,35503,Null,Null
MAG-7_Metallic_DDPAT,35505,35506,Null,Null,Null
MAG-7_Monster_Call,781611,781572,781614,781569,781608
MAG-7_Navy_Sheen,871135,871133,871126,871308,871205
MAG-7_Petroglyph,35507,35509,35508,35510,Null
MAG-7_Popdog,773662,773635,773665,773768,773683
MAG-7_Praetorian,35511,35513,35512,35514,Null
MAG-7_Prism_Terrace,871604,871858,871884,Null,Null
MAG-7_Rust_Coat,762050,762067,762079,762092,762049
MAG-7_SWAG-7,45265,45267,45266,45268,45264
MAG-7_Sand_Dune,35516,35518,35517,35519,35515
MAG-7_Seabird,35521,35523,35522,35524,35520
MAG-7_Silver,35525,35526,Null,Null,Null
MAG-7_Sonar,35527,35529,35528,35530,Null
MAG-7_Storm,35532,35534,35533,35535,35531
MP5-SD_Acid_Wash,775403,774828,775041,775642,775107
MP5-SD_Agent,773673,773686,773547,773633,773659
MP5-SD_Autumn_Twilly,871548,871351,871461,871802,871649
MP5-SD_Bamboo_Garden,775083,774818,774778,775581,775626
MP5-SD_Co-Processor,762208,762062,762130,762131,762129
MP5-SD_Condition_Zero,835552,835551,835442,835475,835379
MP5-SD_Desert_Strike,779266,779229,779176,779223,779231
MP5-SD_Dirt_Drop,762132,762055,762058,762099,762066
MP5-SD_Gauss,769186,769207,769183,769222,769419
MP5-SD_Kitbash,781636,781594,781568,781676,781637
MP5-SD_Liquidation,921500,921461,921426,921449,921452
MP5-SD_Necro_Jr.,886688,886643,886609,886691,886656
MP5-SD_Nitro,835362,835368,835341,835332,835530
MP5-SD_Oxide_Oasis,871778,871794,871452,871811,871815
MP5-SD_Phosphor,763278,763265,763322,763309,763325
MP7_Abyssal_Apparition,887027,886615,886610,886680,887016
MP7_Akoben,35547,35549,35548,35550,35546
MP7_Anodized_Navy,35551,35552,Null,Null,Null
MP7_Armor_Core,35554,35556,35555,35557,35553
MP7_Army_Recon,35559,35561,35560,35562,35558
MP7_Asterion,35564,33842,35565,35566,35563
MP7_Bloodsport,45269,45386,45270,45465,45464
MP7_Cirrus,35567,35569,35568,35570,33840
MP7_Fade,762133,762135,762134,Null,Null
MP7_Forest_DDPAT,35572,35574,35573,35575,35571
MP7_Full_Stop,35577,35579,35578,35580,35576
MP7_Groundwater,35582,35584,35583,35585,35581
MP7_Guerrilla,871426,871427,871255,871414,871490
MP7_Gunsmoke,35587,35589,35588,35590,35586
MP7_Impire,35591,35593,35592,35594,Null
MP7_Just_Smile,956552,956505,956496,956462,956572
MP7_Mischief,Null,769128,769166,769252,769144
MP7_Motherboard,762105,762094,762136,762069,762209
MP7_Nemesis,35595,35597,35596,Null,Null
MP7_Neon_Ply,775084,774989,775323,775614,775266
MP7_Ocean_Foam,35598,35599,Null,Null,Null
MP7_Olive_Plaid,35601,35603,35602,35604,35600
MP7_Orange_Peel,35606,35608,35607,35609,35605
MP7_Powercore,759264,759227,759212,759364,759263
MP7_Prey,871104,871081,871159,871444,871167
MP7_Scorched,776190,775128,774735,775018,774890
MP7_Skulls,Null,35611,35610,Null,Null
MP7_Special_Delivery,35613,35615,35614,35616,35612
MP7_Sunbaked,927336,927305,927290,927300,927294
MP7_Tall_Grass,835748,835441,835642,835925,835684
MP7_Teal_Blossom,775880,775725,774883,774885,776528
MP7_Urban_Hazard,33839,35619,35618,35620,35617
MP7_Vault_Heist,835536,835449,835478,835798,835793
MP7_Whiteout,35622,35624,35623,35625,35621
MP9_Airlock,35627,35629,35628,35630,35626
MP9_Army_Sheen,835347,835346,835373,Null,Null
MP9_Bioleak,33823,35633,35632,35634,35631
MP9_Black_Sand,45272,45274,45273,45275,45271
MP9_Bulldozer,45158,35637,35636,35638,35635
MP9_Capillary,759184,759208,759221,759266,759265
MP9_Dark_Age,35639,35641,35640,Null,Null
MP9_Dart,35643,35645,35644,35646,35642
MP9_Deadly_Poison,35648,35650,35649,35651,35647
MP9_Dry_Season,35653,35655,35654,35656,35652
MP9_Featherweight,921552,921428,921420,921419,921438
MP9_Food_Chain,857628,857529,857521,857639,857617
MP9_Goo,35658,35660,35659,35661,35657
MP9_Green_Plaid,35663,35665,35664,35666,35662
MP9_Hot_Rod,35667,35668,Null,Null,Null
MP9_Hydra,773771,773650,773687,773637,773684
MP9_Hypnotic,35669,35670,Null,Null,Null
MP9_Modest_Threat,763381,763300,763274,763328,763305
MP9_Mount_Fuji,871496,871495,871442,871493,871690
MP9_Music_Box,871218,871344,871317,871551,871512
MP9_Old_Roots,871272,871075,871274,871171,871513
MP9_Orange_Peel,35672,35674,35673,35675,35671
MP9_Pandora's_Box,35676,35678,35677,Null,Null
MP9_Rose_Iron,35679,35681,35680,Null,Null
MP9_Ruby_Poison_Dart,35683,35685,35684,35686,35682
MP9_Sand_Dashed,35688,35690,35689,35691,35687
MP9_Sand_Scale,35692,33845,35693,35694,Null
MP9_Setting_Sun,35696,35698,35697,35699,35695
MP9_Slide,762173,762100,762070,762103,762053
MP9_Stained_Glass,776034,775902,775934,776627,776871
MP9_Starlight_Protector,887008,887043,886657,887075,887053
MP9_Storm,35701,35703,35702,35704,35700
MP9_Wild_Lily,776185,776341,776582,775980,776021
Negev_Anodized_Navy,35737,35738,Null,Null,Null
Negev_Army_Sheen,35739,35741,35740,Null,Null
Negev_Boroque_Sand,775066,774913,774866,775208,774904
Negev_Bratatat,35743,35745,35744,35746,35742
Negev_Bulkhead,762137,762076,762060,762138,762210
Negev_CaliCamo,35748,35750,35749,35751,35747
Negev_Dazzle,Null,35754,35753,35755,35752
Negev_Desert-Strike,35757,35759,35758,35760,35756
Negev_Drop_Me,900575,900487,900536,900524,900539
Negev_Infrastructure,871360,871814,871284,871937,872020
Negev_Lionfish,45277,45279,45278,45280,45276
Negev_Loudmouth,Null,35763,35762,35764,35761
Negev_Man-o'-war,Null,35766,35765,Null,Null
Negev_Mjölnir,776532,776552,776076,776774,776233
Negev_Nuclear_Waste,35767,35769,35768,35770,Null
Negev_Palm,35772,35774,35773,35775,35771
Negev_Power_Loader,35777,35779,35778,35780,35776
Negev_Prototype,779268,779204,779207,779218,779220
Negev_Terrain,35781,35783,35782,35784,Null
Negev_Ultralight,781626,781579,781543,781542,781565
Negev_dev_texture,857623,857536,857537,857689,857626
Nova_Antique,35785,35787,35786,Null,Null
Nova_Army_Sheen,835436,835365,835414,Null,Null
Nova_Baroque_Orange,776747,776015,775026,776609,776655
Nova_Blaze_Orange,35789,35791,35790,35792,35788
Nova_Bloomstick,35794,35796,35795,35797,35793
Nova_Caged_Steel,35798,35800,35799,Null,Null
Nova_Candy_Apple,35801,35803,35802,Null,Null
Nova_Clear_Polymer,835599,835762,835634,835600,835440
Nova_Dark_Sigil,956509,956471,956464,956545,956521
Nova_Exo,35805,35807,35806,35808,35804
Nova_Forest_Leaves,35810,35812,35811,35813,35809
Nova_Ghost_Camo,35814,35816,35815,35817,Null
Nova_Gila,35818,35820,35819,Null,Null
Nova_Graphite,35821,35822,Null,Null,Null
Nova_Green_Apple,35823,35825,35824,Null,Null
Nova_Hyper_Beast,35827,35829,35828,35830,35826
Nova_Interlock,871322,871839,871893,871641,871828
Nova_Koi,35831,35833,35832,Null,Null
Nova_Mandrel,762080,762106,762078,762140,762139
Nova_Modern_Hunter,35835,35837,35836,35838,35834
Nova_Moon_in_Libra,35840,35842,35841,35843,35839
Nova_Plume,775801,775101,775108,775908,774798
Nova_Polar_Mesh,35845,35847,35846,35848,35844
Nova_Predator,35850,35852,35851,35853,35849
Nova_Quick_Sand,871217,871609,871299,871458,871515
Nova_Ranger,35855,35857,35856,35858,35854
Nova_Red_Quartz,871596,871388,871516,871664,Null
Nova_Rising_Skull,35860,35862,35861,35863,35859
Nova_Rust_Coat,835766,835694,835534,835825,835752
Nova_Sand_Dune,35865,35866,33810,35867,35864
Nova_Sobek's_Bite,927390,927358,927376,927337,927361
Nova_Tempest,35868,35870,35869,Null,Null
Nova_Toy_Soldier,759268,759228,759213,759269,759267
Nova_Walnut,35872,35874,35873,35875,35871
Nova_Wild_Six,45282,45283,45387,45284,45281
Nova_Windblown,857525,857543,857542,857600,857576
Nova_Wood_Fired,763385,763245,763261,763379,763275
P2000_Acid_Etched,779273,779261,779214,779245,779291
P2000_Amber_Fade,35898,35900,35899,35901,Null
P2000_Chainmail,35902,35904,35903,Null,Null
P2000_Coach_Class,35906,35908,35907,35909,35905
P2000_Corticera,35910,35912,35911,Null,Null
P2000_Dispatch,835456,835387,835431,835827,835549
P2000_Fire_Elemental,35914,35916,35915,35917,35913
P2000_Gnarled,781642,781556,781540,781581,781558
P2000_Granite_Marbleized,35919,35921,35920,35922,35918
P2000_Grassland,35924,35926,35925,35927,35923
P2000_Grassland_Leaves,35929,35931,35930,35932,35928
P2000_Handgun,35934,35936,35935,35937,35933
P2000_Imperial,35938,35940,35939,Null,Null
P2000_Imperial_Dragon,35942,35944,35943,35945,35941
P2000_Ivory,35947,35949,35948,35950,35946
P2000_Lifted_Spirits,887002,886637,886654,886616,886632
P2000_Obsidian,776180,775054,775300,775690,775162
P2000_Ocean_Foam,35951,35952,Null,Null,Null
P2000_Oceanic,35954,35956,35955,35957,35953
P2000_Panther_Camo,835459,835435,835685,835568,835919
P2000_Pathfinder,35958,35960,35959,Null,Null
P2000_Pulse,35962,35964,35963,35965,35961
P2000_Red_FragCam,35967,35969,35968,35970,35966
P2000_Scorpion,35971,35972,Null,Null,Null
P2000_Silver,35973,35974,Null,Null,Null
P2000_Space_Race,871680,871667,871672,871736,871613
P2000_Turf,35976,35977,33835,35978,35975
P2000_Urban_Hazard,45286,45288,45287,45289,45285
P2000_Wicked_Sick,921553,921469,921517,921442,921538
P2000_Woodsman,35980,35982,35981,35983,35979
P250_Apep's_Curse,927375,927362,927360,927289,927386
P250_Asiimov,Null,35986,35985,35987,35984
P250_Bengal_Tiger,836076,835823,835481,835862,835712
P250_Black_&_Tan,871522,871451,871359,871623,871387
P250_Bone_Mask,35989,35991,35990,35992,35988
P250_Boreal_Forest,35994,35995,33814,35996,35993
P250_Cartel,35998,36000,35999,36001,35997
P250_Cassette,781536,781557,781544,781566,781602
P250_Contaminant,835397,835561,835380,835574,835433
P250_Contamination,36003,36005,36004,36006,36002
P250_Crimson_Kimono,36008,36010,36009,36011,36007
P250_Cyber_Shell,857544,857520,857601,857677,857594
P250_Dark_Filigree,774716,775116,775078,775585,775345
P250_Digital_Architect,871918,871821,871820,871860,872001
P250_Drought,871138,871143,871091,871136,Null
P250_Exchanger,762141,762104,762142,762211,762251
P250_Facets,36013,36015,36014,36016,36012
P250_Facility_Draft,762088,762073,762068,762143,762175
P250_Forest_Night,835859,835385,835342,835415,835353
P250_Franklin,36017,36019,36018,36020,Null
P250_Gunsmoke,36022,36024,36023,36025,36021
P250_Hive,36026,36028,36027,Null,Null
P250_Inferno,773710,773669,773663,773745,773727
P250_Iron_Clad,36030,36032,36031,36033,36029
P250_Mehndi,36035,36037,36036,36038,36034
P250_Metallic_DDPAT,36039,36040,Null,Null,Null
P250_Mint_Kimono,36042,36044,36043,36045,36041
P250_Modern_Hunter,36047,36049,36048,36050,36046
P250_Muertos,36052,36054,36053,36055,36051
P250_Nevermore,763273,763240,763330,763416,Null
P250_Nuclear_Threat,36057,36059,36058,36060,36056
P250_Re.built,921550,921451,921418,921440,921445
P250_Red_Rock,36062,36064,36063,36065,36061
P250_Ripple,36067,36069,36068,36070,36066
P250_Sand_Dune,36072,36074,36073,36075,36071
P250_See_Ya_Later,36077,36079,36078,36080,36076
P250_Splash,36081,36083,36082,Null,Null
P250_Steel_Disruption,36084,36086,36085,Null,Null
P250_Supernova,36087,36089,36088,36090,Null
P250_Undertow,36091,36093,36092,Null,Null
P250_Valence,36095,36097,36096,36098,36094
P250_Verdigris,769203,769205,769165,769420,769217
P250_Vino_Primo,762145,762212,762146,762213,762144
P250_Visions,900492,900576,900518,900643,900520
P250_Whiteout,36100,36102,36101,36103,36099
P250_Wingshot,36105,36107,36106,36108,36104
P250_X-Ray,773423,773432,773435,Null,Null
P90_Ancient_Earth,835535,835628,835543,835437,835739
P90_Ash_Wood,36109,36111,36110,36112,Null
P90_Asiimov,36114,36116,36115,36117,36113
P90_Astral_Jörmungandr,776183,775139,774898,776302,776240
P90_Baroque_Red,776024,775115,775591,776476,775976
P90_Blind_Spot,36119,36121,36120,36122,36118
P90_Chopper,36124,36126,36125,36127,36123
P90_Cocoa_Rampage,835579,835403,835381,835681,835617
P90_Cold_Blooded,36128,36129,Null,Null,Null
P90_Death_Grip,36131,36133,36132,36134,36130
P90_Death_by_Kitty,Null,36136,36135,Null,Null
P90_Desert_DDPAT,871193,871087,871066,871297,871336
P90_Desert_Warfare,36138,36140,36139,36141,36137
P90_Elite_Build,36143,36145,36144,36146,36142
P90_Emerald_Dragon,36148,36150,36149,36151,36147
P90_Facility_Negative,762179,762147,762215,762182,762214
P90_Fallout_Warning,36153,36155,36154,36156,36152
P90_Freight,781588,781561,781538,781562,781585
P90_Glacier_Mesh,36158,36160,36159,36161,36157
P90_Grim,36163,36165,36164,36166,36162
P90_Leather,36168,36170,36169,36171,36167
P90_Module,36172,36174,36173,Null,Null
P90_Neoqueen,921481,921416,921493,921476,921443
P90_Nostalgia,773706,773697,773646,773790,773799
P90_Off_World,769168,769151,769146,769233,769226
P90_Run_and_Hide,836094,835654,835750,836027,836022
P90_Sand_Spray,36176,36178,36177,36179,36175
P90_ScaraB_Rush,927389,927364,927383,927371,927377
P90_Schematic,871754,871824,871780,871809,872048
P90_Scorched,36181,36183,36182,36184,36180
P90_Shallow_Grave,36186,36188,36187,36189,36185
P90_Shapewood,36191,36193,36192,36194,36190
P90_Storm,36196,36198,36197,36199,36195
P90_Sunset_Lily,775332,775264,775158,776209,775932
P90_Teardown,36201,36203,36202,36204,36200
P90_Tiger_Pit,835792,835720,835612,835795,835968
P90_Traction,759270,759192,759216,759223,759229
P90_Trigon,Null,36207,36206,36208,36205
P90_Vent_Rush,900470,900491,900532,900609,900599
P90_Verdant_Growth,871228,871216,871203,871310,871627
P90_Virus,36210,36212,36211,36213,36209
PP-Bizon_Anolis,871109,871139,871093,871307,871346
PP-Bizon_Antique,36215,36217,36216,36218,36214
PP-Bizon_Bamboo_Print,36220,36222,36221,36223,36219
PP-Bizon_Blue_Streak,36225,36227,36226,36228,36224
PP-Bizon_Brass,36230,36232,36231,36233,36229
PP-Bizon_Breaker_Box,871400,871374,871556,871807,Null
PP-Bizon_Candy_Apple,762074,762097,762077,Null,Null
PP-Bizon_Carbon_Fiber,36234,36235,Null,Null,Null
PP-Bizon_Chemical_Green,36237,36239,36238,36240,36236
PP-Bizon_Cobalt_Halftone,36241,36243,36242,36244,Null
PP-Bizon_Death_Rattle,Null,835468,835340,835406,835401
PP-Bizon_Embargo,775695,775298,775284,775288,775225
PP-Bizon_Facility_Sketch,762051,762081,762057,762149,762148
PP-Bizon_Forest_Leaves,36246,36248,36247,36249,36245
PP-Bizon_Fuel_Rod,36251,36253,36252,36254,36250
PP-Bizon_Harvester,36256,36258,36257,36259,36255
PP-Bizon_High_Roller,36261,36263,36262,36264,36260
PP-Bizon_Irradiated_Alert,36266,36268,36267,36269,36265
PP-Bizon_Judgement_of_Anubis,36271,36273,36272,36274,36270
PP-Bizon_Jungle_Slipstream,36276,36278,36277,36279,36275
PP-Bizon_Lumen,871422,871234,871245,871679,871324
PP-Bizon_Modern_Hunter,36281,36283,36282,36284,36280
PP-Bizon_Night_Ops,36286,36288,36287,36289,36285
PP-Bizon_Night_Riot,45291,45293,45292,45294,45290
PP-Bizon_Osiris,36291,36293,36292,36294,36290
PP-Bizon_Photic_Zone,36296,36298,36297,36299,36295
PP-Bizon_Runic,781601,781587,781537,781576,781545
PP-Bizon_Rust_Coat,36301,36303,36302,36304,36300
PP-Bizon_Sand_Dashed,36306,36308,36307,36309,36305
PP-Bizon_Seabird,774702,774704,774899,775524,775258
PP-Bizon_Space_Cat,886999,886670,886666,887011,886993
PP-Bizon_Urban_Dashed,36311,36313,36312,36314,36310
PP-Bizon_Water_Sigil,36316,36318,36317,36319,36315
R8_Revolver_Amber_Fade,36326,36328,36327,36329,Null
R8_Revolver_Banana_Cannon,921533,921423,921511,921516,921509
R8_Revolver_Blaze,871112,871645,Null,Null,Null
R8_Revolver_Bone_Forged,779252,779190,779184,779284,779191
R8_Revolver_Bone_Mask,36331,36333,36332,36334,36330
R8_Revolver_Canal_Spray,776075,774959,774874,775512,775275
R8_Revolver_Crazy_8,900616,900527,900534,900571,900498
R8_Revolver_Crimson_Web,36336,36338,36337,36339,36335
R8_Revolver_Desert_Brush,871082,871078,871068,871301,871280
R8_Revolver_Fade,36340,36342,36341,36343,Null
R8_Revolver_Grip,45296,45298,45297,45299,45295
R8_Revolver_Inlay,927314,927313,927309,927330,927293
R8_Revolver_Junk_Yard,857669,857582,857541,857539,857644
R8_Revolver_Llama_Cannon,36345,36347,36346,36348,36344
R8_Revolver_Memento,775179,775099,774988,775997,775900
R8_Revolver_Night,835986,835652,835363,835392,835566
R8_Revolver_Nitro,762236,762056,762087,762151,762150
R8_Revolver_Reboot,36350,36352,36351,36353,36349
R8_Revolver_Skull_Crusher,Null,Null,769197,769421,769142
R8_Revolver_Survivalist,759272,759193,759273,759362,759271
SCAR-20_Army_Sheen,36356,36358,36357,Null,Null
SCAR-20_Assault,773670,773648,773614,773763,773658
SCAR-20_Bloodsport,36359,36361,36360,36362,Null
SCAR-20_Blueprint,36364,36366,36365,36367,36363
SCAR-20_Brass,775999,775877,775665,776019,775878
SCAR-20_Carbon_Fiber,36368,36369,Null,Null,Null
SCAR-20_Cardiac,36371,36373,36372,36374,36370
SCAR-20_Contractor,36376,36378,36377,36379,36375
SCAR-20_Crimson_Web,36381,36383,36382,36384,36380
SCAR-20_Cyrex,36386,36388,36387,36389,36385
SCAR-20_Emerald,36390,36391,Null,Null,Null
SCAR-20_Enforcer,779276,779193,779203,779249,779239
SCAR-20_Fragments,921424,921434,921415,921544,921472
SCAR-20_Green_Marine,36393,36395,36394,36396,36392
SCAR-20_Grotto,36398,36400,36399,36401,36397
SCAR-20_Jungle_Slipstream,36403,36405,36404,36406,36402
SCAR-20_Magna_Carta,835359,835614,835424,835666,835649
SCAR-20_Outbreak,36408,36410,36409,36411,36407
SCAR-20_Palm,36413,36415,36414,36416,36412
SCAR-20_Poultrygeist,886634,886662,886614,886690,886964
SCAR-20_Powercore,36418,36420,36419,36421,36417
SCAR-20_Sand_Mesh,36423,36425,36424,36426,36422
SCAR-20_Splash_Jam,36428,36430,36429,36431,36427
SCAR-20_Stone_Mosaico,775523,774777,774713,775293,775408
SCAR-20_Storm,36433,36435,36434,36436,36432
SCAR-20_Torn,774810,775082,774976,775487,Null
SG_553_Aerial,36438,36440,36439,36441,36437
SG_553_Aloha,45388,45389,45301,45302,45300
SG_553_Anodized_Navy,36442,36443,Null,Null,Null
SG_553_Army_Sheen,36444,36446,36445,Null,Null
SG_553_Atlas,36448,36450,36449,36451,36447
SG_553_Barricade,775271,774856,774703,774962,775531
SG_553_Bleached,871164,871157,871108,871330,871089
SG_553_Bulldozer,36453,36455,36454,36456,36452
SG_553_Candy_Apple,774789,774699,775175,775854,775230
SG_553_Colony_IV,775807,774978,775360,775364,775783
SG_553_Cyberforce,921524,921430,921439,921433,921457
SG_553_Cyrex,36458,36460,36459,36461,36457
SG_553_Damascus_Steel,36463,36465,36464,36466,36462
SG_553_Danger_Close,763319,763303,763246,763314,763262
SG_553_Darkwing,779199,779182,779208,779228,779230
SG_553_Desert_Blossom,871156,871376,871200,871676,871465
SG_553_Dragon_Tech,900603,900502,900528,900618,900531
SG_553_Fallout_Warning,36468,36470,36469,36471,36467
SG_553_Gator_Mesh,36473,36475,36474,36476,36472
SG_553_Hazard_Pay,871852,871827,871894,872065,872064
SG_553_Heavy_Metal,857657,857578,857546,857630,857535
SG_553_Hypnotic,835816,835817,Null,Null,Null
SG_553_Integrale,762152,762217,762216,762153,762252
SG_553_Lush_Ruins,835664,835393,835439,835669,835726
SG_553_Ol'_Rusty,781555,781539,781546,781681,781550
SG_553_Phantom,36478,36480,36479,36481,36477
SG_553_Pulse,Null,36484,36483,36485,36482
SG_553_Tiger_Moth,36487,36489,36488,36490,36486
SG_553_Tornado,36492,36494,36493,36495,36491
SG_553_Traveler,36497,36499,36498,36500,36496
SG_553_Triarch,36502,36504,36503,36505,36501
SG_553_Ultraviolet,36507,36509,36508,36510,36506
SG_553_Wave_Spray,36512,36514,36513,36515,36511
SG_553_Waves_Perforated,36517,36519,36518,36520,36516
SSG_08_Abyss,36522,36524,36523,36525,36521
SSG_08_Acid_Fade,36526,Null,Null,Null,Null
SSG_08_Azure_Glyph,927369,927299,927291,927326,927323
SSG_08_Big_Iron,36528,36530,36529,36531,36527
SSG_08_Blood_in_the_Water,36532,36534,36533,Null,Null
SSG_08_Bloodshot,Null,776411,775168,775314,775967
SSG_08_Blue_Spruce,36536,36538,36537,36539,36535
SSG_08_Carbon_Fiber,871549,871703,Null,Null,Null
SSG_08_Dark_Water,Null,36541,36540,Null,Null
SSG_08_Death's_Head,36543,36545,36544,36546,36542
SSG_08_Death_Strike,871782,871480,871699,871923,871766
SSG_08_Detour,36547,36549,36548,36550,Null
SSG_08_Dezastre,956500,956481,956474,956498,956470
SSG_08_Dragonfire,36552,36554,36553,36555,36551
SSG_08_Fever_Dream,779226,779224,779197,779354,779247
SSG_08_Ghost_Crusader,36557,36559,36558,36560,36556
SSG_08_Hand_Brake,762154,762156,762155,762157,762218
SSG_08_Jungle_Dashed,835903,835668,835337,835531,835725
SSG_08_Lichen_Dashed,36562,36564,36563,36565,36561
SSG_08_Mainframe_001,781657,781553,781554,781548,781580
SSG_08_Mayan_Dreams,36567,36569,36568,36570,36566
SSG_08_Necropos,36572,36574,36573,36575,36571
SSG_08_Orange_Filigree,775730,775004,775253,776448,775963
SSG_08_Parallax,835829,835609,835395,835576,835618
SSG_08_Prey,871199,871113,871119,871190,871448
SSG_08_Red_Stone,776058,774776,774700,775324,775805
SSG_08_Sand_Dune,36577,36579,36578,36580,36576
SSG_08_Sea_Calico,775077,775957,775889,776751,776777
SSG_08_Slashed,Null,Null,36582,36583,36581
SSG_08_Spring_Twilly,871062,871238,871258,871674,871470
SSG_08_Threat_Detected,835467,835428,835454,835626,835423
SSG_08_Tropical_Storm,36585,36587,36586,36588,36584
SSG_08_Turbo_Peek,871636,871654,871433,871447,871638
Sawed-Off_Amber_Fade,36589,36591,36590,36592,Null
Sawed-Off_Analog_Input,956480,956486,956476,956582,956591
Sawed-Off_Apocalypto,779296,779248,779210,779262,779253
Sawed-Off_Bamboo_Shadow,36594,36596,36595,36597,36593
Sawed-Off_Black_Sand,763317,763292,763258,763270,763313
Sawed-Off_Brake_Light,762158,762237,Null,Null,Null
Sawed-Off_Clay_Ambush,835562,835539,835446,835538,835625
Sawed-Off_Copper,36599,36601,36600,36602,36598
Sawed-Off_Devourer,759275,759276,759365,759429,759274
Sawed-Off_First_Class,36604,36606,36605,36607,36603
Sawed-Off_Forest_DDPAT,36609,36611,36610,36612,36608
Sawed-Off_Fubar,Null,Null,Null,36614,36613
Sawed-Off_Full_Stop,36616,36618,36617,36619,36615
Sawed-Off_Highwayman,36621,36623,36622,36624,36620
Sawed-Off_Irradiated_Alert,36626,36628,36627,36629,36625
Sawed-Off_Jungle_Thicket,775017,774679,774784,775209,775223
Sawed-Off_Kiss♥Love,900607,900485,900497,900559,900596
Sawed-Off_Limelight,36631,36633,36632,36634,36630
Sawed-Off_Morris,36636,36638,36637,36639,36635
Sawed-Off_Mosaico,36641,36643,36642,36644,36640
Sawed-Off_Orange_DDPAT,36646,36648,36647,36649,36645
Sawed-Off_Origami,36651,36653,36652,36654,36650
Sawed-Off_Parched,871158,871182,871067,871065,871278
Sawed-Off_Rust_Coat,36656,36658,36657,36659,36655
Sawed-Off_Sage_Spray,36661,36663,36662,36664,36660
Sawed-Off_Serenity,36666,36668,36667,36669,36665
Sawed-Off_Snake_Camo,36671,36673,36672,36674,36670
Sawed-Off_Spirit_Board,887014,886644,886617,886672,886641
Sawed-Off_The_Kraken,36675,36677,36676,36678,Null
Sawed-Off_Wasteland_Princess,36680,36682,36681,36683,36679
Sawed-Off_Yorick,36685,36687,36686,36688,36684
Sawed-Off_Zander,36690,36692,36691,36693,36689
Tec-9_Army_Mesh,41961,41963,41962,41964,41960
Tec-9_Avalanche,41966,41968,41967,41969,41965
Tec-9_Bamboo_Forest,41971,41973,41972,41974,41970
Tec-9_Bamboozle,769176,769224,769180,769442,769251
Tec-9_Blast_From_the_Past,835689,835743,835657,835863,835815
Tec-9_Blue_Titanium,41975,Null,Null,Null,Null
Tec-9_Brass,41977,41979,41978,41980,41976
Tec-9_Brother,781616,781605,781567,781620,781563
Tec-9_Cracked_Opal,41982,41984,41983,41985,41981
Tec-9_Cut_Out,41987,41989,41988,41990,41986
Tec-9_Decimator,775813,775532,775056,775485,775942
Tec-9_Flash_Out,773685,773666,773535,773756,773674
Tec-9_Fubar,Null,763437,763244,763268,763249
Tec-9_Fuel_Injector,41992,41994,41993,41995,41991
Tec-9_Groundwater,41997,41999,41998,42000,41996
Tec-9_Hades,42002,42004,42003,42005,42001
Tec-9_Ice_Cap,33815,42008,42007,42009,42006
Tec-9_Isaac,42011,42012,43951,42013,42010
Tec-9_Jambiya,42015,42017,42016,42018,42014
Tec-9_Mummy's_Rot,927374,927344,927329,927353,927338
Tec-9_Nuclear_Threat,42020,42022,42021,42023,42019
Tec-9_Orange_Murano,775559,775221,775161,775675,775445
Tec-9_Ossified,42024,42025,Null,Null,Null
Tec-9_Re-Entry,42026,42028,42027,42029,Null
Tec-9_Rebel,921492,921448,921427,921441,921473
Tec-9_Red_Quartz,42030,42032,42031,43952,Null
Tec-9_Remote_Control,762220,762221,762238,762222,762219
Tec-9_Rust_Leaf,774742,774945,775042,776020,776212
Tec-9_Safety_Net,871407,871254,871249,871271,871261
Tec-9_Sandstorm,Null,42035,42034,43953,42033
Tec-9_Slag,956533,956483,956465,956564,956515
Tec-9_Snek-9,759321,759196,759173,759215,759320
Tec-9_Terrace,42037,42039,42038,42040,42036
Tec-9_Titanium_Bit,42041,42043,42042,Null,Null
Tec-9_Tornado,42045,42047,42046,42048,42044
Tec-9_Toxic,42050,42052,42051,42053,42049
Tec-9_Urban_DDPAT,42055,42057,42056,42058,42054
Tec-9_VariCamo,42060,42062,42061,42063,42059
UMP-45_Arctic_Wolf,45365,45367,45366,45403,45364
UMP-45_Blaze,42065,42066,Null,Null,Null
UMP-45_Bone_Pile,42067,42069,42068,Null,Null
UMP-45_Briefing,42071,42073,42072,42074,42070
UMP-45_Caramel,42076,42078,42077,42079,42075
UMP-45_Carbon_Fiber,42080,42081,Null,Null,Null
UMP-45_Corporal,42083,42085,42084,42086,42082
UMP-45_Crime_Scene,835557,835722,835558,835660,835540
UMP-45_Day_Lily,775111,775764,775909,775716,775949
UMP-45_Delusion,42087,42089,42088,Null,Null
UMP-45_Exposure,42091,42093,42092,42094,42090
UMP-45_Facility_Dark,762061,762093,762063,762171,762159
UMP-45_Fade,871582,871907,Null,Null,Null
UMP-45_Fallout_Warning,42096,42098,42097,42099,42095
UMP-45_Full_Stop,871248,871256,871247,871257,871252
UMP-45_Gold_Bismuth,835542,835575,835607,835749,835427
UMP-45_Grand_Prix,Null,Null,42100,Null,Null
UMP-45_Gunsmoke,42102,42104,42103,42105,42101
UMP-45_Houndstooth,835688,835450,835556,835794,835693
UMP-45_Indigo,42107,42109,42108,42110,42106
UMP-45_Labyrinth,42111,42113,42112,42114,Null
UMP-45_Mechanism,871608,871584,871192,871823,871761
UMP-45_Metal_Flowers,42116,42118,42117,42119,42115
UMP-45_Minotaur's_Labyrinth,42120,42122,42121,42123,Null
UMP-45_Momentum,763335,763284,763288,763399,763465
UMP-45_Moonrise,769130,769135,769185,769476,Null
UMP-45_Motorized,956554,956469,956459,956467,956511
UMP-45_Mudder,762164,762107,762098,762160,762072
UMP-45_Oscillator,857566,857579,857551,857638,857577
UMP-45_Plastique,773747,773636,773638,773722,773755
UMP-45_Primal_Saber,42125,42127,42126,42128,42124
UMP-45_Riot,42130,42132,42131,42133,42129
UMP-45_Roadblock,900563,900544,900473,900545,900480
UMP-45_Scaffold,42135,42137,42136,42138,42134
UMP-45_Scorched,42140,42142,42141,42143,42139
UMP-45_Urban_DDPAT,42145,42147,42146,42148,42144
UMP-45_Wild_Child,921523,921519,921536,921571,921515
USP-S_Ancient_Visions,835877,835839,835857,836161,Null
USP-S_Black_Lotus,871550,871382,871328,871409,871432
USP-S_Blood_Tiger,42149,42151,42150,Null,Null
USP-S_Blueprint,42153,42154,43999,42155,42152
USP-S_Business_Class,42157,42159,42158,42160,42156
USP-S_Caiman,42161,42163,42162,42164,Null
USP-S_Check_Engine,762162,762163,762086,762253,762161
USP-S_Cortex,45369,45371,45370,45372,45368
USP-S_Cyrex,42166,42168,42167,42169,42165
USP-S_Dark_Water,Null,42171,42170,Null,Null
USP-S_Desert_Tactical,927350,927345,927318,927327,927320
USP-S_Flashback,763263,763255,763264,763365,763348
USP-S_Forest_Leaves,42173,42175,42174,42176,42172
USP-S_Guardian,42177,42179,42178,Null,Null
USP-S_Jawbreaker,956587,956502,956527,956520,956575
USP-S_Kill_Confirmed,42181,42183,42182,42184,42180
USP-S_Lead_Conduit,42186,42188,42187,42189,42185
USP-S_Monster_Mashup,835670,835635,835636,835842,835771
USP-S_Neo-Noir,42191,42193,42192,42194,42190
USP-S_Night_Ops,42196,42198,42197,42199,42195
USP-S_Orange_Anolis,871547,871574,871455,Null,Null
USP-S_Orion,42201,42203,42202,42204,42200
USP-S_Overgrowth,42206,42208,42207,42209,42205
USP-S_Para_Green,42211,42213,42212,42214,42210
USP-S_Pathfinder,775097,775240,775106,Null,Null
USP-S_Printstream,900565,900615,900494,900631,900600
USP-S_Purple_DDPAT,871592,871355,871361,871784,871220
USP-S_Road_Rash,42216,42218,42217,42219,42215
USP-S_Royal_Blue,42221,42223,42222,42224,42220
USP-S_Serum,42225,42227,42226,Null,Null
USP-S_Stainless,42229,42231,42230,42232,42228
USP-S_Target_Acquired,835753,835723,835728,835924,836077
USP-S_The_Traitor,857686,857670,857612,857519,857640
USP-S_Ticket_to_Hell,886669,886682,886648,886997,886692
USP-S_Torque,33833,42235,42234,42236,42233
USP-S_Whiteout,871798,871443,871226,871125,871302
XM1014_Ancient_Lore,835856,835894,835864,836004,836128
XM1014_Banana_Leaf,775468,774964,774855,775295,775595
XM1014_Black_Tie,42242,42244,42243,42245,42241
XM1014_Blaze_Orange,42247,42249,42248,42250,42246
XM1014_Blue_Spruce,42252,42254,42253,42255,42251
XM1014_Blue_Steel,42257,42259,42258,42260,42256
XM1014_Blue_Tire,871503,871357,871088,871771,871737
XM1014_Bone_Machine,42262,42264,42263,42265,42261
XM1014_CaliCamo,42267,42269,42268,42270,42266
XM1014_Charter,835383,835355,835357,835369,835338
XM1014_Elegant_Vines,871499,871349,871622,Null,Null
XM1014_Entombed,781629,781643,781604,781669,781678
XM1014_Fallout_Warning,42272,42274,42273,42275,42271
XM1014_Frost_Borre,776080,775946,775687,775818,776541
XM1014_Grassland,42277,42279,42278,42280,42276
XM1014_Heaven_Guard,42282,42284,42283,42285,42281
XM1014_Hieroglyph,927302,927319,927297,927295,927321
XM1014_Incinegator,Null,769480,769173,769493,769129
XM1014_Irezumi,956513,956468,956460,956600,956489
XM1014_Jungle,42287,42289,42288,42290,42286
XM1014_Oxide_Blaze,45373,45405,45374,45375,45404
XM1014_Quicksilver,42292,42294,42293,42295,42291
XM1014_Red_Leather,42297,42299,42298,42300,42296
XM1014_Red_Python,Null,42303,42302,42304,42301
XM1014_Scumbria,42306,42308,42307,42309,42305
XM1014_Seasons,42311,42313,42312,42314,42310
XM1014_Slipstream,42316,42318,42317,42319,42315
XM1014_Teclu_Burner,42321,42323,42322,42324,42320
XM1014_Tranquility,42326,42328,42327,42329,42325
XM1014_Urban_Perforated,42331,42333,42332,42334,42330
XM1014_VariCamo_Blue,42336,42338,42337,42339,42335
XM1014_Watchdog,871678,871397,871393,871411,871439
XM1014_XOXO,857614,857642,857548,857659,857615
XM1014_Ziggy,42341,42343,42342,42344,42340
XM1014_Zombie_Offensive,886660,886652,886673,887050,887030
Zeus_x27_Olympus,956534,956472,956551,956570,956555
